Region,GDP_baseline,GDP_high_growth,Population_baseline,Population_high_growth,primary_energy_consumption_baseline,primary_energy_consumption_high_growth
a,180.47189562170502,260.94379124341003,118.9698824238138,147.9397648476276,78.6265098984184,117.25301979683681
b,273.13254949209204,466.2650989841841,353.81929454288286,527.6385890857657,350.72894181432423,611.4578836286485
c,90.23594781085251,210.94379124341003,264.377516497364,457.51006598945605,157.2530197968368,389.01207918734724
